DP,LR,Batch,Clip,Noise,Microbatches,Acurácia,Precisão,Recall,F1,Tempo Treinamento (s),Privacidade,Arquitetura
FALSE,"0,01",25,"0,5","0,5",None,"0,9914","0,9914","0,9914","0,9914","144,73",Sem DP,A
TRUE,"0,01",25,"0,5","0,5",5,"0,2077","0,1561","0,2077","0,1281","416,62",Sem DP,A
FALSE,"0,01",25,"0,5",1,None,"0,9891","0,9892","0,9891","0,9891","138,45",Epsilon = 143.297,A
TRUE,"0,01",25,"0,5",1,5,"0,1773","0,312","0,1773","0,1602","419,9",Sem DP,A
FALSE,"0,01",25,"0,5","1,5",None,"0,9892","0,9892","0,9892","0,9892","138,91",Epsilon = 6.144,A
TRUE,"0,01",25,"0,5","1,5",5,"0,2586","0,2867","0,2586","0,2083","416,58",Sem DP,A
FALSE,"0,01",25,1,"0,5",None,"0,9894","0,9894","0,9894","0,9894","139,37",Epsilon = 1.511,A 
TRUE,"0,01",25,1,"0,5",5,"0,1254","0,0554","0,1254","0,0546","443,49",Sem DP,A
FALSE,"0,01",25,1,1,None,"0,9908","0,9908","0,9908","0,9908","153,84",Epsilon = 143.297,A
TRUE,"0,01",25,1,1,5,"0,1428","0,0958","0,1428","0,0698","449,49",Sem DP,A
FALSE,"0,01",25,1,"1,5",None,"0,9896","0,9896","0,9896","0,9896","157,44",Epsilon = 6.144,A
TRUE,"0,01",25,1,"1,5",5,"0,1144","0,1004","0,1144","0,0659","458,29",Sem DP,A
FALSE,"0,01",25,"1,5","0,5",None,"0,9863","0,9864","0,9863","0,9863","154,58",Epsilon = 1.511,A
TRUE,"0,01",25,"1,5","0,5",5,"0,101","0,0102","0,101","0,0185","449,67",Sem DP,A
FALSE,"0,01",25,"1,5",1,None,"0,9913","0,9913","0,9913","0,9913","154,41",Epsilon = 143.297,A
TRUE,"0,01",25,"1,5",1,5,"0,1158","0,1291","0,1158","0,0507","451,2",Sem DP,A
FALSE,"0,01",25,"1,5","1,5",None,"0,9906","0,9906","0,9906","0,9906","147,05",Epsilon = 6.144,A
TRUE,"0,01",25,"1,5","1,5",5,"0,1182","0,1388","0,1182","0,0994","440,1",Sem DP,A
FALSE,"0,01",50,"0,5","0,5",None,"0,9905","0,9905","0,9905","0,9905","148,23",Epsilon = 1.511,A
TRUE,"0,01",50,"0,5","0,5",5,"0,5154","0,7112","0,5154","0,4888","339,94",Sem DP,A
TRUE,"0,01",50,"0,5","0,5",10,"0,7817","0,8249","0,7817","0,7449","505,89",Epsilon = 167.930,A
FALSE,"0,01",50,"0,5",1,None,"0,9918","0,9918","0,9918","0,9918","140,9",Epsilon = 167.930,A
TRUE,"0,01",50,"0,5",1,5,"0,4853","0,5834","0,4853","0,4635","309,56",Sem DP,A
TRUE,"0,01",50,"0,5",1,10,"0,6252","0,7065","0,6252","0,5937","492,4",Epsilon = 8.181,A
FALSE,"0,01",50,"0,5","1,5",None,"0,9887","0,9888","0,9887","0,9887","140,61",Epsilon = 8.181,A
TRUE,"0,01",50,"0,5","1,5",5,"0,4195","0,4405","0,4195","0,4259","308,43",Sem DP,A
TRUE,"0,01",50,"0,5","1,5",10,"0,4997","0,5825","0,4997","0,501","498,18",Epsilon = 1.932,A
FALSE,"0,01",50,1,"0,5",None,"0,9901","0,9901","0,9901","0,9901","147,28",Epsilon = 1.932,A
TRUE,"0,01",50,1,"0,5",5,"0,2206","0,3348","0,2206","0,1513","326,33",Sem DP,A
TRUE,"0,01",50,1,"0,5",10,"0,2565","0,3722","0,2565","0,165","510,7",Epsilon = 167.930,A
FALSE,"0,01",50,1,1,None,"0,9899","0,9899","0,9899","0,9899","161,53",Epsilon = 167.930,A
TRUE,"0,01",50,1,1,5,"0,3507","0,4438","0,3507","0,3392","361,19",Sem DP,A
TRUE,"0,01",50,1,1,10,"0,254","0,4153","0,254","0,1958","553,98",Epsilon = 8.181,A
FALSE,"0,01",50,1,"1,5",None,"0,9905","0,9905","0,9905","0,9905","167,8",Epsilon = 8.181,A
TRUE,"0,01",50,1,"1,5",5,"0,4007","0,4364","0,4007","0,3879","360,58",Sem DP,A
TRUE,"0,01",50,1,"1,5",10,"0,2693","0,3616","0,2693","0,2248","555,53",Epsilon = 1.932,A
FALSE,"0,01",50,"1,5","0,5",None,"0,9904","0,9904","0,9904","0,9904","161,59",Epsilon = 1.932,A
TRUE,"0,01",50,"1,5","0,5",5,"0,1238","0,0941","0,1238","0,0441","349,33",Sem DP,A
TRUE,"0,01",50,"1,5","0,5",10,"0,1431","0,1307","0,1431","0,0618","549,16",Epsilon = 167.930,A
FALSE,"0,01",50,"1,5",1,None,"0,9888","0,9889","0,9888","0,9888",182,Epsilon = 167.930,A
TRUE,"0,01",50,"1,5",1,5,"0,3461","0,3409","0,3461","0,3172","360,41",Sem DP,A
TRUE,"0,01",50,"1,5",1,10,"0,1661","0,1018","0,1661","0,103","532,03",Epsilon = 8.181,A
FALSE,"0,01",50,"1,5","1,5",None,"0,9904","0,9905","0,9904","0,9904","153,75",Epsilon = 8.181,A
TRUE,"0,01",50,"1,5","1,5",5,"0,1075","0,1411","0,1075","0,0402","328,97",Sem DP,A
TRUE,"0,01",50,"1,5","1,5",10,"0,3063","0,4208","0,3063","0,2906","531,12",Epsilon = 1.932,A
FALSE,"0,01",100,"0,5","0,5",None,"0,9897","0,9898","0,9897","0,9897","156,94",Epsilon = 1.932,A
TRUE,"0,01",100,"0,5","0,5",5,"0,9282","0,9285","0,9282","0,928","285,73",Sem DP,A
TRUE,"0,01",100,"0,5","0,5",10,"0,9372","0,9373","0,9372","0,9372","481,67",Epsilon = 197.798,A
FALSE,"0,01",100,"0,5",1,None,"0,9908","0,9908","0,9908","0,9908","154,82",Epsilon = 197.798,A
TRUE,"0,01",100,"0,5",1,5,"0,8639","0,8653","0,8639","0,8635","285,44",Sem DP,A
TRUE,"0,01",100,"0,5",1,10,"0,9069","0,9077","0,9069","0,9067","474,51",Epsilon = 11.105,A
FALSE,"0,01",100,"0,5","1,5",None,"0,991","0,991","0,991","0,991","144,49",Epsilon = 11.105,A
TRUE,"0,01",100,"0,5","1,5",5,"0,7079","0,7175","0,7079","0,7069","272,2",Sem DP,A
TRUE,"0,01",100,"0,5","1,5",10,"0,8723","0,8735","0,8723","0,8723",462,Epsilon = 2.618,A
FALSE,"0,01",100,1,"0,5",None,"0,9893","0,9893","0,9893","0,9893","152,33",Epsilon = 2.618,A
TRUE,"0,01",100,1,"0,5",5,"0,6921","0,7831","0,6921","0,6917","277,41",Sem DP,A
TRUE,"0,01",100,1,"0,5",10,"0,8484","0,876","0,8484","0,8466","466,7",Epsilon = 197.798,A
FALSE,"0,01",100,1,1,None,"0,9888","0,9889","0,9888","0,9888","149,78",Epsilon = 197.798,A
TRUE,"0,01",100,1,1,5,"0,6818","0,7024","0,6818","0,6757","274,81",Sem DP,A
TRUE,"0,01",100,1,1,10,"0,7259","0,7567","0,7259","0,7191","458,07",Epsilon = 11.105,A
FALSE,"0,01",100,1,"1,5",None,"0,9908","0,9908","0,9908","0,9908","151,21",Epsilon = 11.105,A
TRUE,"0,01",100,1,"1,5",5,"0,6182","0,6243","0,6182","0,6092","273,89",Sem DP,A
TRUE,"0,01",100,1,"1,5",10,"0,71","0,7227","0,71","0,7112","456,18",Epsilon = 2.618,A
FALSE,"0,01",100,"1,5","0,5",None,"0,9905","0,9905","0,9905","0,9905","140,77",Epsilon = 2.618,A
TRUE,"0,01",100,"1,5","0,5",5,"0,5333","0,6261","0,5333","0,5099","284,4",Sem DP,A
TRUE,"0,01",100,"1,5","0,5",10,"0,7765","0,7222","0,7765","0,7388","468,89",Epsilon = 197.798,A
FALSE,"0,01",100,"1,5",1,None,"0,9908","0,9908","0,9908","0,9908","154,82",Epsilon = 197.798,A
TRUE,"0,01",100,"1,5",1,5,"0,5624","0,6157","0,5624","0,5616","279,84",Sem DP,A
TRUE,"0,01",100,"1,5",1,10,"0,6302","0,659","0,6302","0,6163","454,57",Epsilon = 11.105,A
FALSE,"0,01",100,"1,5","1,5",None,"0,991","0,991","0,991","0,991","141,61",Epsilon = 11.105,A
TRUE,"0,01",100,"1,5","1,5",5,"0,2457","0,3936","0,2457","0,2295","262,17",Sem DP,A
TRUE,"0,01",100,"1,5","1,5",10,"0,4127","0,5302","0,4127","0,4163","442,03",Epsilon = 2.618,A
FALSE,"0,005",25,"0,5","0,5",None,"0,9884","0,9885","0,9884","0,9884","140,92",Epsilon = 2.618,A
TRUE,"0,005",25,"0,5","0,5",5,"0,4494","0,789","0,4494","0,3921","431,63",Sem DP,A
FALSE,"0,005",25,"0,5",1,None,"0,9879","0,988","0,9879","0,9879","140,23",Epsilon = 143.297,A
TRUE,"0,005",25,"0,5",1,5,"0,385","0,4487","0,385","0,3305","433,8",Sem DP,A
FALSE,"0,005",25,"0,5","1,5",None,"0,99","0,99","0,99","0,99","141,04",Epsilon = 6.144,A
TRUE,"0,005",25,"0,5","1,5",5,"0,3689","0,4698","0,3689","0,3386","431,71",Sem DP,A
FALSE,"0,005",25,1,"0,5",None,"0,9898","0,9899","0,9898","0,9898","140,24",Epsilon = 1.511,A
TRUE,"0,005",25,1,"0,5",5,"0,2484","0,2815","0,2484","0,1759","431,53",Sem DP,A
FALSE,"0,005",25,1,1,None,"0,9895","0,9895","0,9895","0,9895","140,61",Epsilon = 143.297,A
TRUE,"0,005",25,1,1,5,"0,2576","0,2707","0,2576","0,229","432,54",Sem DP,A
FALSE,"0,005",25,1,"1,5",None,"0,9889","0,9889","0,9889","0,9889","143,97",Epsilon = 6.144,A
TRUE,"0,005",25,1,"1,5",5,"0,1958","0,1903","0,1958","0,1649","438,48",Sem DP,A
FALSE,"0,005",25,"1,5","0,5",None,"0,9913","0,9913","0,9913","0,9913","142,46",Epsilon = 1.511,A
TRUE,"0,005",25,"1,5","0,5",5,"0,1345","0,0256","0,1345","0,0425","435,28",Sem DP,A
FALSE,"0,005",25,"1,5",1,None,"0,9895","0,9895","0,9895","0,9895","142,24",Epsilon = 143.297,A
TRUE,"0,005",25,"1,5",1,5,"0,2396","0,3098","0,2396","0,1709","435,34",Sem DP,A
FALSE,"0,005",25,"1,5","1,5",None,"0,9901","0,9901","0,9901","0,9901","141,5",Epsilon = 6.144,A
TRUE,"0,005",25,"1,5","1,5",5,"0,1933","0,2129","0,1933","0,1358","428,75",Sem DP,A
FALSE,"0,005",50,"0,5","0,5",None,"0,9823","0,983","0,9823","0,9824","140,65",Epsilon = 1.511,A
TRUE,"0,005",50,"0,5","0,5",5,"0,886","0,8892","0,886","0,8864","316,31",Sem DP,A
TRUE,"0,005",50,"0,5","0,5",10,"0,9152","0,9154","0,9152","0,9151","488,27",Epsilon = 167.930,A
FALSE,"0,005",50,"0,5",1,None,"0,9882","0,9883","0,9882","0,9882","140,72",Epsilon = 167.930,A
TRUE,"0,005",50,"0,5",1,5,"0,8314","0,8372","0,8314","0,8279","316,78",Sem DP,A
TRUE,"0,005",50,"0,5",1,10,"0,8996","0,9005","0,8996","0,8991","488,92",Epsilon = 8.181,A
FALSE,"0,005",50,"0,5","1,5",None,"0,9893","0,9893","0,9893","0,9893","141,01",Epsilon = 8.181,A
TRUE,"0,005",50,"0,5","1,5",5,"0,7272","0,7385","0,7272","0,7276","317,78",Sem DP,A
TRUE,"0,005",50,"0,5","1,5",10,"0,8719","0,8723","0,8719","0,8717","484,76",Epsilon = 1.932,A
FALSE,"0,005",50,1,"0,5",None,"0,9879","0,988","0,9879","0,9879","141,15",Epsilon = 1.932,A
TRUE,"0,005",50,1,"0,5",5,"0,5442","0,6698","0,5442","0,5149","318,12",Sem DP,A
TRUE,"0,005",50,1,"0,5",10,"0,7801","0,8374","0,7801","0,781","484,6",Epsilon = 167.930,A
FALSE,"0,005",50,1,1,None,"0,9874","0,9875","0,9874","0,9874","141,02",Epsilon = 167.930,A
TRUE,"0,005",50,1,1,5,"0,4978","0,5928","0,4978","0,49","318,78",Sem DP,A
TRUE,"0,005",50,1,1,10,"0,7721","0,7795","0,7721","0,7681","493,74",Epsilon = 8.181,A
FALSE,"0,005",50,1,"1,5",None,"0,9893","0,9894","0,9893","0,9893","144,7",Epsilon = 8.181,A
TRUE,"0,005",50,1,"1,5",5,"0,4935","0,5777","0,4935","0,493","316,38",Sem DP,A
TRUE,"0,005",50,1,"1,5",10,"0,545","0,6132","0,545","0,5106","493,73",Epsilon = 1.932,A
FALSE,"0,005",50,"1,5","0,5",None,"0,9902","0,9902","0,9902","0,9902","143,47",Epsilon = 1.932,A
TRUE,"0,005",50,"1,5","0,5",5,"0,4402","0,5707","0,4402","0,3855","314,66",Sem DP,A
TRUE,"0,005",50,"1,5","0,5",10,"0,5058","0,6653","0,5058","0,4383","490,48",Epsilon = 167.930,A
FALSE,"0,005",50,"1,5",1,None,"0,9885","0,9885","0,9885","0,9885","142,08",Epsilon = 167.930,A
TRUE,"0,005",50,"1,5",1,5,"0,4847","0,5386","0,4847","0,4777","314,34",Sem DP,A
TRUE,"0,005",50,"1,5",1,10,"0,5069","0,5072","0,5069","0,439","487,58",Epsilon = 8.181,A
FALSE,"0,005",50,"1,5","1,5",None,"0,9868","0,9869","0,9868","0,9868","141,58",Epsilon = 8.181,A
TRUE,"0,005",50,"1,5","1,5",5,"0,4038","0,4466","0,4038","0,3931","313,82",Sem DP,A
TRUE,"0,005",50,"1,5","1,5",10,"0,3076","0,4239","0,3076","0,2684","489,31",Epsilon = 1.932,A
FALSE,"0,005",100,"0,5","0,5",None,"0,9882","0,9882","0,9882","0,9882","141,75",Epsilon = 1.932,A
TRUE,"0,005",100,"0,5","0,5",5,"0,9399","0,9401","0,9399","0,9398","267,47",Sem DP,A
TRUE,"0,005",100,"0,5","0,5",10,"0,935","0,9351","0,935","0,935","442,74",Epsilon = 197.798,A
FALSE,"0,005",100,"0,5",1,None,"0,9897","0,9897","0,9897","0,9897","141,64",Epsilon = 197.798,A
TRUE,"0,005",100,"0,5",1,5,"0,9185","0,9189","0,9185","0,9184","265,27",Sem DP,A
TRUE,"0,005",100,"0,5",1,10,"0,9197","0,9199","0,9197","0,9197","443,58",Epsilon = 11.105,A
FALSE,"0,005",100,"0,5","1,5",None,"0,9897","0,9897","0,9897","0,9897","141,96",Epsilon = 11.105,A
TRUE,"0,005",100,"0,5","1,5",5,"0,8784","0,8791","0,8784","0,8784","264,61",Sem DP,A
TRUE,"0,005",100,"0,5","1,5",10,"0,9173","0,9171","0,9173","0,9171","444,77",Epsilon = 2.618,A
FALSE,"0,005",100,1,"0,5",None,"0,9898","0,9898","0,9898","0,9898","145,65",Epsilon = 2.618,A
TRUE,"0,005",100,1,"0,5",5,"0,9473","0,9479","0,9473","0,9473","266,93",Sem DP,A
TRUE,"0,005",100,1,"0,5",10,"0,9295","0,9298","0,9295","0,9294","445,51",Epsilon = 197.798,A
FALSE,"0,005",100,1,1,None,"0,9893","0,9893","0,9893","0,9893","144,49",Epsilon = 197.798,A
TRUE,"0,005",100,1,1,5,"0,8604","0,8615","0,8604","0,8594","266,07",Sem DP,A
TRUE,"0,005",100,1,1,10,"0,9128","0,9138","0,9128","0,9127","445,08",Epsilon = 11.105,A
FALSE,"0,005",100,1,"1,5",None,"0,987","0,9871","0,987","0,987","143,08",Epsilon = 11.105,A
TRUE,"0,005",100,1,"1,5",5,"0,8026","0,8052","0,8026","0,8005","265,6",Sem DP,A
TRUE,"0,005",100,1,"1,5",10,"0,8738","0,8752","0,8738","0,8738","443,12",Epsilon = 2.618,A
FALSE,"0,005",100,"1,5","0,5",None,"0,9885","0,9885","0,9885","0,9885","143,06",Epsilon = 2.618,A
TRUE,"0,005",100,"1,5","0,5",5,"0,8363","0,8652","0,8363","0,8354","266,48",Sem DP,A
TRUE,"0,005",100,"1,5","0,5",10,"0,8489","0,8589","0,8489","0,8466","441,98",Epsilon = 197.798,A
FALSE,"0,005",100,"1,5",1,None,"0,9897","0,9898","0,9897","0,9897","141,57",Epsilon = 197.798,A
TRUE,"0,005",100,"1,5",1,5,"0,7619","0,7726","0,7619","0,7559","265,54",Sem DP,A
TRUE,"0,005",100,"1,5",1,10,"0,8443","0,8535","0,8443","0,843","442,64",Epsilon = 11.105,A
FALSE,"0,005",100,"1,5","1,5",None,"0,9882","0,9883","0,9882","0,9882","141,57",Epsilon = 11.105,A
TRUE,"0,005",100,"1,5","1,5",5,"0,558","0,5687","0,558","0,5483","265,22",Sem DP,A
TRUE,"0,005",100,"1,5","1,5",10,"0,7937","0,801","0,7937","0,7945","444,13",Epsilon = 2.618,A
FALSE,"0,001",25,"0,5","0,5",None,"0,9806","0,9807","0,9806","0,9806","141,32",Epsilon = 2.618,A
TRUE,"0,001",25,"0,5","0,5",5,"0,8634","0,8641","0,8634","0,863","440,13",Sem DP,A
FALSE,"0,001",25,"0,5",1,None,"0,9804","0,9805","0,9804","0,9804","141,81",Epsilon = 143.297,A
TRUE,"0,001",25,"0,5",1,5,"0,8956","0,8959","0,8956","0,8954","434,19",Sem DP,A
FALSE,"0,001",25,"0,5","1,5",None,"0,9833","0,9834","0,9833","0,9833","141,75",Epsilon = 6.144,A
TRUE,"0,001",25,"0,5","1,5",5,"0,8649","0,8655","0,8649","0,8647","437,09",Sem DP,A
FALSE,"0,001",25,1,"0,5",None,"0,9793","0,9793","0,9793","0,9793","141,5",Epsilon = 1.511,A
TRUE,"0,001",25,1,"0,5",5,"0,8871","0,8872","0,8871","0,8866","434,26",Sem DP,A
FALSE,"0,001",25,1,1,None,"0,9781","0,9782","0,9781","0,9781","148,27",Epsilon = 143.297,A
TRUE,"0,001",25,1,1,5,"0,8673","0,8701","0,8673","0,867","445,64",Sem DP,A
FALSE,"0,001",25,1,"1,5",None,"0,9777","0,9778","0,9777","0,9777","146,7",Epsilon = 6.144,A
TRUE,"0,001",25,1,"1,5",5,"0,8781","0,8808","0,8781","0,8783","442,9",Sem DP,A
FALSE,"0,001",25,"1,5","0,5",None,"0,9822","0,9823","0,9822","0,9822","146,37",Epsilon = 1.511,A
TRUE,"0,001",25,"1,5","0,5",5,"0,8162","0,8244","0,8162","0,8164","437,66",Sem DP,A
FALSE,"0,001",25,"1,5",1,None,"0,9782","0,9782","0,9782","0,9782","145,56",Epsilon = 143.297,A
TRUE,"0,001",25,"1,5",1,5,"0,7974","0,8111","0,7974","0,7938","433,28",Sem DP,A
FALSE,"0,001",25,"1,5","1,5",None,"0,9817","0,9818","0,9817","0,9817","145,02",Epsilon = 6.144,A
TRUE,"0,001",25,"1,5","1,5",5,"0,6288","0,6517","0,6288","0,6242","434,08",Sem DP,A
FALSE,"0,001",50,"0,5","0,5",None,"0,9798","0,9798","0,9798","0,9798","144,43",Epsilon = 1.511,A
TRUE,"0,001",50,"0,5","0,5",5,"0,8433","0,8441","0,8433","0,8431","319,18",Sem DP,A
TRUE,"0,001",50,"0,5","0,5",10,"0,8299","0,8289","0,8299","0,828","486,11",Epsilon = 167.930,A
FALSE,"0,001",50,"0,5",1,None,"0,9802","0,9804","0,9802","0,9802","142,42",Epsilon = 167.930,A
TRUE,"0,001",50,"0,5",1,5,"0,8662","0,8667","0,8662","0,8661","316,63",Sem DP,A
TRUE,"0,001",50,"0,5",1,10,"0,8277","0,8264","0,8277","0,8253","485,06",Epsilon = 8.181,A
FALSE,"0,001",50,"0,5","1,5",None,"0,9767","0,9768","0,9767","0,9767","142,4",Epsilon = 8.181,A
TRUE,"0,001",50,"0,5","1,5",5,"0,8744","0,8747","0,8744","0,8742","317,59",Sem DP,A
TRUE,"0,001",50,"0,5","1,5",10,"0,8458","0,8448","0,8458","0,8448","483,91",Epsilon = 1.932,A
FALSE,"0,001",50,1,"0,5",None,"0,9814","0,9814","0,9814","0,9814","142,02",Epsilon = 1.932,A
TRUE,"0,001",50,1,"0,5",5,"0,9006","0,9005","0,9006","0,9004","317,72",Sem DP,A
TRUE,"0,001",50,1,"0,5",10,"0,8956","0,8955","0,8956","0,8954","485,79",Epsilon = 167.930,A
FALSE,"0,001",50,1,1,None,"0,9793","0,9794","0,9793","0,9793","141,97",Epsilon = 167.930,A
TRUE,"0,001",50,1,1,5,"0,87","0,8701","0,87","0,8698","317,36",Sem DP,A
TRUE,"0,001",50,1,1,10,"0,8724","0,8722","0,8724","0,8721","484,84",Epsilon = 8.181,A
FALSE,"0,001",50,1,"1,5",None,"0,9793","0,9794","0,9793","0,9793","142,75",Epsilon = 8.181,A
TRUE,"0,001",50,1,"1,5",5,"0,9043","0,9049","0,9043","0,9042","316,83",Sem DP,A
TRUE,"0,001",50,1,"1,5",10,"0,9015","0,9011","0,9015","0,9011","484,32",Epsilon = 1.932,A
FALSE,"0,001",50,"1,5","0,5",None,"0,9794","0,9795","0,9794","0,9794","142,59",Epsilon = 1.932,A
TRUE,"0,001",50,"1,5","0,5",5,"0,911","0,9117","0,911","0,911","318,54",Sem DP,A
TRUE,"0,001",50,"1,5","0,5",10,"0,8598","0,8595","0,8598","0,8593","480,73",Epsilon = 167.930,A
FALSE,"0,001",50,"1,5",1,None,"0,9809","0,9809","0,9809","0,9809","142,5",Epsilon = 167.930,A
TRUE,"0,001",50,"1,5",1,5,"0,8954","0,8955","0,8954","0,8952","317,48",Sem DP,A
TRUE,"0,001",50,"1,5",1,10,"0,8659","0,8668","0,8659","0,8655","492,56",Epsilon = 8.181,A
FALSE,"0,001",50,"1,5","1,5",None,"0,9798","0,9798","0,9798","0,9798","146,29",Epsilon = 8.181,A
TRUE,"0,001",50,"1,5","1,5",5,"0,915","0,9151","0,915","0,9148","319,41",Sem DP,A
TRUE,"0,001",50,"1,5","1,5",10,"0,8982","0,8984","0,8982","0,8982","496,65",Epsilon = 1.932,A
FALSE,"0,001",100,"0,5","0,5",None,"0,9815","0,9816","0,9815","0,9815","144,9",Epsilon = 1.932,A
TRUE,"0,001",100,"0,5","0,5",5,"0,8087","0,8099","0,8087","0,8069","264,04",Sem DP,A
TRUE,"0,001",100,"0,5","0,5",10,"0,7965","0,8001","0,7965","0,7929",443,Epsilon = 197.798,A
FALSE,"0,001",100,"0,5",1,None,"0,9805","0,9806","0,9805","0,9805","144,26",Epsilon = 197.798,A
TRUE,"0,001",100,"0,5",1,5,"0,8387","0,8382","0,8387","0,8371","265,89",Sem DP,A
TRUE,"0,001",100,"0,5",1,10,"0,738","0,7313","0,738","0,7263","443,54",Epsilon = 11.105,A
FALSE,"0,001",100,"0,5","1,5",None,"0,9815","0,9816","0,9815","0,9815","143,35",Epsilon = 11.105,A
TRUE,"0,001",100,"0,5","1,5",5,"0,8179","0,8163","0,8179","0,815","266,59",Sem DP,A
TRUE,"0,001",100,"0,5","1,5",10,"0,8105","0,8113","0,8105","0,8056","443,97",Epsilon = 2.618,A
FALSE,"0,001",100,1,"0,5",None,"0,9792","0,9793","0,9792","0,9792","143,79",Epsilon = 2.618,A
TRUE,"0,001",100,1,"0,5",5,"0,8655","0,8657","0,8655","0,8652","264,63",Sem DP,A
TRUE,"0,001",100,1,"0,5",10,"0,8495","0,8496","0,8495","0,8489","452,97",Epsilon = 197.798,A
FALSE,"0,001",100,1,1,None,"0,9808","0,9808","0,9808","0,9808","142,61",Epsilon = 197.798,A
TRUE,"0,001",100,1,1,5,"0,8943","0,8946","0,8943","0,8941","264,92",Sem DP,A
TRUE,"0,001",100,1,1,10,"0,8706","0,8699","0,8706","0,87","442,12",Epsilon = 11.105,A
FALSE,"0,001",100,1,"1,5",None,"0,9813","0,9814","0,9813","0,9813","142,48",Epsilon = 11.105,A
TRUE,"0,001",100,1,"1,5",5,"0,8849","0,8854","0,8849","0,8848","265,12",Sem DP,A
TRUE,"0,001",100,1,"1,5",10,"0,866","0,8657","0,866","0,8654","442,57",Epsilon = 2.618,A
FALSE,"0,001",100,"1,5","0,5",None,"0,9802","0,9803","0,9802","0,9802","143,38",Epsilon = 2.618,A
TRUE,"0,001",100,"1,5","0,5",5,"0,9278","0,9279","0,9278","0,9277","267,9",Sem DP,A
TRUE,"0,001",100,"1,5","0,5",10,"0,8996","0,8999","0,8996","0,8994","441,3",Epsilon = 197.798,A
FALSE,"0,001",100,"1,5",1,None,"0,9792","0,9793","0,9792","0,9792","143,13",Epsilon = 197.798,A
TRUE,"0,001",100,"1,5",1,5,"0,8922","0,8923","0,8922","0,8921","266,21",Sem DP,A
TRUE,"0,001",100,"1,5",1,10,"0,876","0,8755","0,876","0,8755","439,17",Epsilon = 11.105,A
FALSE,"0,001",100,"1,5","1,5",None,"0,9815","0,9815","0,9815","0,9815","142,96",Epsilon = 11.105,A
TRUE,"0,001",100,"1,5","1,5",5,"0,8799","0,88","0,8799","0,8797","265,88",Sem DP,A
TRUE,"0,001",100,"1,5","1,5",10,"0,886","0,8865","0,886","0,8858","441,42",Epsilon = 2.618,A
FALSE,"0,01",25,"0,5","0,5",None,"0,9949","0,9949","0,9949","0,9949","861,63",Epsilon = 2.618,B
TRUE,"0,01",25,"0,5","0,5",5,"0,9368","0,9375","0,9368","0,9366","3881,61",Sem DP,B
FALSE,"0,01",25,"0,5",1,None,"0,9951","0,9951","0,9951","0,9951","856,71",Epsilon = 143.297,B
TRUE,"0,01",25,"0,5",1,5,"0,5203","0,5589","0,5203","0,5076","3902,54",Sem DP,B
FALSE,"0,01",25,"0,5","1,5",None,"0,9957","0,9957","0,9957","0,9957","861,57",Epsilon = 6.144,B
TRUE,"0,01",25,"0,5","1,5",5,"0,3194","0,3307","0,3194","0,3099","3900,09",Sem DP,B
FALSE,"0,01",25,1,"0,5",None,"0,9947","0,9947","0,9947","0,9947","862,13",Epsilon = 1.511,B
TRUE,"0,01",25,1,"0,5",5,"0,9184","0,9201","0,9184","0,9181","3907,84",Sem DP,B
FALSE,"0,01",25,1,1,None,"0,996","0,996","0,996","0,996","891,06",Epsilon = 143.297,B
TRUE,"0,01",25,1,1,5,"0,3525","0,3993","0,3525","0,2978","3921,2",Sem DP,B
FALSE,"0,01",25,1,"1,5",None,"0,9954","0,9954","0,9954","0,9954","871,29",Epsilon = 6.144,B
TRUE,"0,01",25,1,"1,5",5,"0,2073","0,2311","0,2073","0,1509","3921,32",Sem DP,B
FALSE,"0,01",25,"1,5","0,5",None,"0,9951","0,9951","0,9951","0,9951","869,37",Epsilon = 1.511,B
TRUE,"0,01",25,"1,5","0,5",5,"0,9141","0,9149","0,9141","0,9136","3877,83",Sem DP,B
FALSE,"0,01",25,"1,5",1,None,"0,9951","0,9951","0,9951","0,9951","851,38",Epsilon = 143.297,B
TRUE,"0,01",25,"1,5",1,5,"0,5728","0,6545","0,5728","0,5525","3883,39",Sem DP,B
FALSE,"0,01",25,"1,5","1,5",None,"0,9952","0,9952","0,9952","0,9952","866,86",Epsilon = 6.144,B
TRUE,"0,01",25,"1,5","1,5",5,"0,1599","0,1918","0,1599","0,0976","3906,47",Sem DP,B
FALSE,"0,01",50,"0,5","0,5",None,"0,996","0,996","0,996","0,996","862,56",Epsilon = 1.511,B
TRUE,"0,01",50,"0,5","0,5",5,"0,9442","0,9443","0,9442","0,944","3643,95",Sem DP,B
TRUE,"0,01",50,"0,5","0,5",10,"0,9543","0,9545","0,9543","0,9543","6785,36",Epsilon = 167.930,B
FALSE,"0,01",50,"0,5",1,None,"0,9951","0,9951","0,9951","0,9951","855,21",Epsilon = 167.930,B
TRUE,"0,01",50,"0,5",1,5,"0,6363","0,683","0,6363","0,6324","3640,39",Sem DP,B
TRUE,"0,01",50,"0,5",1,10,"0,872","0,8806","0,872","0,8724","6782,66",Epsilon = 8.181,B
FALSE,"0,01",50,"0,5","1,5",None,"0,9958","0,9958","0,9958","0,9958","852,79",Epsilon = 8.181,B
TRUE,"0,01",50,"0,5","1,5",5,"0,2988","0,2872","0,2988","0,2598","3650,44",Sem DP,B
TRUE,"0,01",50,"0,5","1,5",10,"0,6784","0,6898","0,6784","0,6645","6941,49",Epsilon = 1.932,B
FALSE,"0,01",50,1,"0,5",None,"0,9955","0,9955","0,9955","0,9955","1003,28",Epsilon = 1.932,B
TRUE,"0,01",50,1,"0,5",5,"0,9332","0,9334","0,9332","0,9329","4089,86",Sem DP,B
TRUE,"0,01",50,1,"0,5",10,"0,9586","0,9589","0,9586","0,9586","7257,87",Epsilon = 167.930,B
FALSE,"0,01",50,1,1,None,"0,9953","0,9953","0,9953","0,9953","855,4",Epsilon = 167.930,B
TRUE,"0,01",50,1,1,5,"0,6674","0,6808","0,6674","0,6533","3660,95",Sem DP,B
TRUE,"0,01",50,1,1,10,"0,8482","0,86","0,8482","0,8464","6842,09",Epsilon = 8.181,B
FALSE,"0,01",50,1,"1,5",None,"0,9942","0,9942","0,9942","0,9942","862,93",Epsilon = 8.181,B
TRUE,"0,01",50,1,"1,5",5,"0,2893","0,2926","0,2893","0,2552","3658,47",Sem DP,B
TRUE,"0,01",50,1,"1,5",10,"0,4604","0,4849","0,4604","0,444","6844,94",Epsilon = 1.932,B
FALSE,"0,01",50,"1,5","0,5",None,"0,9954","0,9954","0,9954","0,9954","853,76",Epsilon = 1.932,B
TRUE,"0,01",50,"1,5","0,5",5,"0,9273","0,9282","0,9273","0,9269","3664,31",Sem DP,B
TRUE,"0,01",50,"1,5","0,5",10,"0,951","0,9528","0,951","0,9511","6846,64",Epsilon = 167.930,B
FALSE,"0,01",50,"1,5",1,None,"0,9945","0,9945","0,9945","0,9945","854,25",Epsilon = 167.930,B
TRUE,"0,01",50,"1,5",1,5,"0,5215","0,6793","0,5215","0,536","3670,4",Sem DP,B
TRUE,"0,01",50,"1,5",1,10,"0,8569","0,8641","0,8569","0,8549","6828,72",Epsilon = 8.181,B
FALSE,"0,01",50,"1,5","1,5",None,"0,9958","0,9958","0,9958","0,9958","860,82",Epsilon = 8.181,B
TRUE,"0,01",50,"1,5","1,5",5,"0,1719","0,1908","0,1719","0,1205","3655,71",Sem DP,B
TRUE,"0,01",50,"1,5","1,5",10,"0,6289","0,6741","0,6289","0,6205","6847,93",Epsilon = 1.932,B
FALSE,"0,01",100,"0,5","0,5",None,"0,9958","0,9958","0,9958","0,9958","856,49",Epsilon = 1.932,B
TRUE,"0,01",100,"0,5","0,5",5,"0,93","0,9309","0,93","0,9299","3641,85",Sem DP,B
TRUE,"0,01",100,"0,5","0,5",10,"0,9544","0,9546","0,9544","0,9543","6702,43",Epsilon = 197.798,B
FALSE,"0,01",100,"0,5",1,None,"0,9948","0,9948","0,9948","0,9948","853,52",Epsilon = 197.798,B
TRUE,"0,01",100,"0,5",1,5,"0,6777","0,6956","0,6777","0,659","3643,56",Sem DP,B
TRUE,"0,01",100,"0,5",1,10,"0,8853","0,8911","0,8853","0,8849","7282,84",Epsilon = 11.105,B
FALSE,"0,01",100,"0,5","1,5",None,"0,9951","0,9951","0,9951","0,9951","858,42",Epsilon = 11.105,B
TRUE,"0,01",100,"0,5","1,5",5,"0,2898","0,3439","0,2898","0,2575","3654,2",Sem DP,B
TRUE,"0,01",100,"0,5","1,5",10,"0,7527","0,779","0,7527","0,747","6726,45",Epsilon = 2.618,B
FALSE,"0,01",100,1,"0,5",None,"0,995","0,995","0,995","0,995","859,79",Epsilon = 2.618,B
TRUE,"0,01",100,1,"0,5",5,"0,9398","0,9412","0,9398","0,9397","3651,11",Sem DP,B
TRUE,"0,01",100,1,"0,5",10,"0,9561","0,9565","0,9561","0,956","6737,7",Epsilon = 197.798,B
FALSE,"0,01",100,1,1,None,"0,9955","0,9955","0,9955","0,9955","863,95",Epsilon = 197.798,B
TRUE,"0,01",100,1,1,5,"0,6453","0,688","0,6453","0,6374","3648,94",Sem DP,B
TRUE,"0,01",100,1,1,10,"0,9053","0,9065","0,9053","0,9047","6713,4",Epsilon = 11.105,B
FALSE,"0,01",100,1,"1,5",None,"0,995","0,995","0,995","0,995","860,36",Epsilon = 11.105,B
TRUE,"0,01",100,1,"1,5",5,"0,387","0,404","0,387","0,3427","3653,94",Sem DP,B
TRUE,"0,01",100,1,"1,5",10,"0,645","0,6505","0,645","0,6363","6716,49",Epsilon = 2.618,B
FALSE,"0,01",100,"1,5","0,5",None,"0,9951","0,9951","0,9951","0,9951","860,94",Epsilon = 2.618,B
TRUE,"0,01",100,"1,5","0,5",5,"0,9298","0,9313","0,9298","0,9297","3653,87",Sem DP,B
TRUE,"0,01",100,"1,5","0,5",10,"0,9626","0,9627","0,9626","0,9625","6722,49",Epsilon = 197.798,B
FALSE,"0,01",100,"1,5",1,None,"0,9953","0,9953","0,9953","0,9953","869,6",Epsilon = 197.798,B
TRUE,"0,01",100,"1,5",1,5,"0,6455","0,6334","0,6455","0,6182","3648,55",Sem DP,B
TRUE,"0,01",100,"1,5",1,10,"0,8734","0,8786","0,8734","0,8738","6721,02",Epsilon = 11.105,B
FALSE,"0,01",100,"1,5","1,5",None,"0,996","0,996","0,996","0,996","875,11",Epsilon = 11.105,B
TRUE,"0,01",100,"1,5","1,5",5,"0,2663","0,3414","0,2663","0,2248","3673,7",Sem DP,B
TRUE,"0,01",100,"1,5","1,5",10,"0,6304","0,6618","0,6304","0,6256","6744,53",Epsilon = 2.618,B
FALSE,"0,005",25,"0,5","0,5",None,"0,995","0,995","0,995","0,995","881,64",Epsilon = 2.618,B
TRUE,"0,005",25,"0,5","0,5",5,"0,9334","0,9348","0,9334","0,9334","4218,51",Sem DP,B
FALSE,"0,005",25,"0,5",1,None,"0,9949","0,9949","0,9949","0,9949","917,28",Epsilon = 143.297,B
TRUE,"0,005",25,"0,5",1,5,"0,5699","0,5942","0,5699","0,5521","4178,44",Sem DP,B
FALSE,"0,005",25,"0,5","1,5",None,"0,9953","0,9953","0,9953","0,9953","926,11",Epsilon = 6.144,B
TRUE,"0,005",25,"0,5","1,5",5,"0,3652","0,3959","0,3652","0,3348","4083,19",Sem DP,B
FALSE,"0,005",25,1,"0,5",None,"0,9946","0,9946","0,9946","0,9946","881,67",Epsilon = 1.511,B
TRUE,"0,005",25,1,"0,5",5,"0,9218","0,9234","0,9218","0,9217","4034,37",Sem DP,B
FALSE,"0,005",25,1,1,None,"0,9951","0,9951","0,9951","0,9951","896,37",Epsilon = 143.297,B
TRUE,"0,005",25,1,1,5,"0,4456","0,4649","0,4456","0,392","4015,27",Sem DP,B
FALSE,"0,005",25,1,"1,5",None,"0,9956","0,9956","0,9956","0,9956","882,9",Epsilon = 6.144,B
TRUE,"0,005",25,1,"1,5",5,"0,1968","0,2152","0,1968","0,1653","3996,16",Sem DP,B
FALSE,"0,005",25,"1,5","0,5",None,"0,9951","0,9951","0,9951","0,9951","882,89",Epsilon = 1.511,B
TRUE,"0,005",25,"1,5","0,5",5,"0,935","0,9352","0,935","0,9349","3965,63",Sem DP,B
FALSE,"0,005",25,"1,5",1,None,"0,995","0,995","0,995","0,995","886,16",Epsilon = 143.297,B
TRUE,"0,005",25,"1,5",1,5,"0,5885","0,6207","0,5885","0,5892","3988,85",Sem DP,B
FALSE,"0,005",25,"1,5","1,5",None,"0,9954","0,9954","0,9954","0,9954","889,87",Epsilon = 6.144,B
TRUE,"0,005",25,"1,5","1,5",5,"0,2868","0,3184","0,2868","0,2678","4010,79",Sem DP,B
FALSE,"0,005",50,"0,5","0,5",None,"0,9955","0,9955","0,9955","0,9955","895,25",Epsilon = 1.511,B
TRUE,"0,005",50,"0,5","0,5",5,"0,9305","0,931","0,9305","0,9303","3749,06",Sem DP,B
TRUE,"0,005",50,"0,5","0,5",10,"0,9392","0,9399","0,9392","0,9391","6932,49",Epsilon = 167.930,B
FALSE,"0,005",50,"0,5",1,None,"0,996","0,996","0,996","0,996","889,71",Epsilon = 167.930,B
TRUE,"0,005",50,"0,5",1,5,"0,7105","0,7381","0,7105","0,7052","3755,87",Sem DP,B
TRUE,"0,005",50,"0,5",1,10,"0,8786","0,8816","0,8786","0,8771","6941,76",Epsilon = 8.181,B
FALSE,"0,005",50,"0,5","1,5",None,"0,9958","0,9958","0,9958","0,9958","891,53",Epsilon = 8.181,B
TRUE,"0,005",50,"0,5","1,5",5,"0,4095","0,4165","0,4095","0,3997","3793,29",Sem DP,B
TRUE,"0,005",50,"0,5","1,5",10,"0,6414","0,676","0,6414","0,6103","6973,64",Epsilon = 1.932,B
FALSE,"0,005",50,1,"0,5",None,"0,9952","0,9952","0,9952","0,9952",925,Epsilon = 1.932,B
TRUE,"0,005",50,1,"0,5",5,"0,9483","0,9487","0,9483","0,9483","3809,91",Sem DP,B
TRUE,"0,005",50,1,"0,5",10,"0,9573","0,9579","0,9573","0,9573","7373,35",Epsilon = 167.930,B
FALSE,"0,005",50,1,1,None,"0,9953","0,9953","0,9953","0,9953","1030,16",Epsilon = 167.930,B
TRUE,"0,005",50,1,1,5,"0,6552","0,7087","0,6552","0,6442","3889,33",Sem DP,B
TRUE,"0,005",50,1,1,10,"0,8782","0,8815","0,8782","0,8775","6971,15",Epsilon = 8.181,B
FALSE,"0,005",50,1,"1,5",None,"0,9946","0,9946","0,9946","0,9946","908,05",Epsilon = 8.181,B
TRUE,"0,005",50,1,"1,5",5,"0,2899","0,2912","0,2899","0,2753","3751,02",Sem DP,B
TRUE,"0,005",50,1,"1,5",10,"0,6742","0,6926","0,6742","0,6672","6971,54",Epsilon = 1.932,B
FALSE,"0,005",50,"1,5","0,5",None,"0,9948","0,9948","0,9948","0,9948","901,78",Epsilon = 1.932,B
TRUE,"0,005",50,"1,5","0,5",5,"0,9482","0,9486","0,9482","0,9481","3761,17",Sem DP,B
TRUE,"0,005",50,"1,5","0,5",10,"0,9626","0,9627","0,9626","0,9625","6969,12",Epsilon = 167.930,B
FALSE,"0,005",50,"1,5",1,None,"0,9942","0,9942","0,9942","0,9942","900,21",Epsilon = 167.930,B
TRUE,"0,005",50,"1,5",1,5,"0,6688","0,6921","0,6688","0,6495","3746,1",Sem DP,B
TRUE,"0,005",50,"1,5",1,10,"0,8803","0,8858","0,8803","0,8792","6973,45",Epsilon = 8.181,B
FALSE,"0,005",50,"1,5","1,5",None,"0,9953","0,9953","0,9953","0,9953","900,73",Epsilon = 8.181,B
TRUE,"0,005",50,"1,5","1,5",5,"0,3194","0,315","0,3194","0,2888","3756,94",Sem DP,B
TRUE,"0,005",50,"1,5","1,5",10,"0,5602","0,6752","0,5602","0,5653","7023,89",Epsilon = 1.932,B
FALSE,"0,005",100,"0,5","0,5",None,"0,9954","0,9954","0,9954","0,9954","931,59",Epsilon = 1.932,B
TRUE,"0,005",100,"0,5","0,5",5,"0,9296","0,9306","0,9296","0,9295","3719,33",Sem DP,B
TRUE,"0,005",100,"0,5","0,5",10,"0,9292","0,9299","0,9292","0,9289","6781,91",Epsilon = 197.798,B
FALSE,"0,005",100,"0,5",1,None,"0,9952","0,9952","0,9952","0,9952","914,71",Epsilon = 197.798,B
TRUE,"0,005",100,"0,5",1,5,"0,7059","0,7112","0,7059","0,6947","3720,73",Sem DP,B
TRUE,"0,005",100,"0,5",1,10,"0,8871","0,8877","0,8871","0,8866","6779,09",Epsilon = 11.105,B
FALSE,"0,005",100,"0,5","1,5",None,"0,9957","0,9957","0,9957","0,9957","924,91",Epsilon = 11.105,B
TRUE,"0,005",100,"0,5","1,5",5,"0,5765","0,6129","0,5765","0,5687","3913,27",Sem DP,B
TRUE,"0,005",100,"0,5","1,5",10,"0,7017","0,7426","0,7017","0,6849","7047,48",Epsilon = 2.618,B
FALSE,"0,005",100,1,"0,5",None,"0,9952","0,9952","0,9952","0,9952","926,52",Epsilon = 2.618,B
TRUE,"0,005",100,1,"0,5",5,"0,9302","0,9312","0,9302","0,9298","3729,93",Sem DP,B
TRUE,"0,005",100,1,"0,5",10,"0,9457","0,9471","0,9457","0,9457","6795,89",Epsilon = 197.798,B
FALSE,"0,005",100,1,1,None,"0,9951","0,9951","0,9951","0,9951","928,6",Epsilon = 197.798,B
TRUE,"0,005",100,1,1,5,"0,8051","0,8105","0,8051","0,8049","3731,44",Sem DP,B